onset	duration	trial_type	value	sample
4.036	0.0	T1	1	1009
4.136	0.0	T2	2	1034
4.236	0.0	T3	3	1059
4.336	0.0	T4	4	1084
4.436	0.0	T5	5	1109
4.536	0.0	T6	6	1134
4.636	0.0	T7	7	1159
4.736	0.0	T8	8	1184
4.836	0.0	T9	9	1209
4.936	0.0	T10	10	1234
5.036	0.0	T1	1	1259
5.136	0.0	T2	2	1284
5.236	0.0	T3	3	1309
5.336	0.0	T4	4	1334
5.436	0.0	T5	5	1359
5.536	0.0	T6	6	1384
5.636	0.0	T7	7	1409
5.736	0.0	T8	8	1434
5.836	0.0	T9	9	1459
5.936	0.0	T10	10	1484
6.036	0.0	T1	1	1509
6.136	0.0	T2	2	1534
6.236	0.0	T3	3	1559
6.336	0.0	T4	4	1584
6.436	0.0	T5	5	1609
6.536	0.0	T6	6	1634
6.636	0.0	T7	7	1659
6.74	0.0	T8	8	1685
6.836	0.0	T9	9	1709
6.936	0.0	T10	10	1734
7.036	0.0	T1	1	1759
7.136	0.0	T2	2	1784
7.236	0.0	T3	3	1809
7.34	0.0	T4	4	1835
7.44	0.0	T5	5	1860
7.54	0.0	T6	6	1885
7.64	0.0	T7	7	1910
7.74	0.0	T8	8	1935
7.84	0.0	T9	9	1960
7.94	0.0	T10	10	1985
8.04	0.0	T1	1	2010
8.14	0.0	T2	2	2035
8.24	0.0	T3	3	2060
8.34	0.0	T4	4	2085
8.44	0.0	T5	5	2110
8.54	0.0	T6	6	2135
8.64	0.0	T7	7	2160
8.74	0.0	T8	8	2185
8.84	0.0	T9	9	2210
8.94	0.0	T10	10	2235
9.04	0.0	T1	1	2260
9.14	0.0	T2	2	2285
9.24	0.0	T3	3	2310
9.34	0.0	T4	4	2335
9.44	0.0	T5	5	2360
9.54	0.0	T6	6	2385
9.64	0.0	T7	7	2410
9.74	0.0	T8	8	2435
9.84	0.0	T9	9	2460
9.94	0.0	T10	10	2485
10.04	0.0	T1	1	2510
10.14	0.0	T2	2	2535
10.24	0.0	T3	3	2560
10.34	0.0	T4	4	2585
10.44	0.0	T5	5	2610
10.544	0.0	T6	6	2636
10.64	0.0	T7	7	2660
10.744	0.0	T8	8	2686
10.844	0.0	T9	9	2711
10.94	0.0	T10	10	2735
11.044	0.0	T1	1	2761
11.144	0.0	T2	2	2786
11.244	0.0	T3	3	2811
11.344	0.0	T4	4	2836
11.444	0.0	T5	5	2861
11.544	0.0	T6	6	2886
11.644	0.0	T7	7	2911
11.744	0.0	T8	8	2936
11.844	0.0	T9	9	2961
11.944	0.0	T10	10	2986
12.044	0.0	T1	1	3011
12.144	0.0	T2	2	3036
12.244	0.0	T3	3	3061
12.344	0.0	T4	4	3086
12.444	0.0	T5	5	3111
12.544	0.0	T6	6	3136
12.644	0.0	T7	7	3161
12.744	0.0	T8	8	3186
12.844	0.0	T9	9	3211
12.944	0.0	T10	10	3236
13.044	0.0	T1	1	3261
13.144	0.0	T2	2	3286
13.244	0.0	T3	3	3311
13.344	0.0	T4	4	3336
13.444	0.0	T5	5	3361
13.544	0.0	T6	6	3386
13.644	0.0	T7	7	3411
13.744	0.0	T8	8	3436
13.844	0.0	T9	9	3461
13.944	0.0	T10	10	3486
14.044	0.0	T1	1	3511
14.144	0.0	T2	2	3536
14.244	0.0	T3	3	3561
14.344	0.0	T4	4	3586
14.444	0.0	T5	5	3611
14.544	0.0	T6	6	3636
14.644	0.0	T7	7	3661
14.744	0.0	T8	8	3686
14.844	0.0	T9	9	3711
14.944	0.0	T10	10	3736
15.044	0.0	T1	1	3761
15.148	0.0	T2	2	3787
15.248	0.0	T3	3	3812
15.348	0.0	T4	4	3837
15.444	0.0	T5	5	3861
15.548	0.0	T6	6	3887
15.648	0.0	T7	7	3912
15.748	0.0	T8	8	3937
15.848	0.0	T9	9	3962
15.948	0.0	T10	10	3987
16.048	0.0	T1	1	4012
16.148	0.0	T2	2	4037
16.248	0.0	T3	3	4062
16.348	0.0	T4	4	4087
16.448	0.0	T5	5	4112
16.548	0.0	T6	6	4137
16.648	0.0	T7	7	4162
16.748	0.0	T8	8	4187
16.848	0.0	T9	9	4212
16.948	0.0	T10	10	4237
17.048	0.0	T1	1	4262
17.148	0.0	T2	2	4287
17.248	0.0	T3	3	4312
17.348	0.0	T4	4	4337
17.448	0.0	T5	5	4362
17.548	0.0	T6	6	4387
17.648	0.0	T7	7	4412
17.748	0.0	T8	8	4437
17.848	0.0	T9	9	4462
17.948	0.0	T10	10	4487
18.048	0.0	T1	1	4512
18.148	0.0	T2	2	4537
18.248	0.0	T3	3	4562
18.348	0.0	T4	4	4587
18.448	0.0	T5	5	4612
18.548	0.0	T6	6	4637
18.648	0.0	T7	7	4662
18.748	0.0	T8	8	4687
18.848	0.0	T9	9	4712
18.948	0.0	T10	10	4737
19.048	0.0	T1	1	4762
19.148	0.0	T2	2	4787
19.248	0.0	T3	3	4812
19.348	0.0	T4	4	4837
19.448	0.0	T5	5	4862
19.548	0.0	T6	6	4887
19.648	0.0	T7	7	4912
19.748	0.0	T8	8	4937
19.848	0.0	T9	9	4962
19.948	0.0	T10	10	4987
20.048	0.0	T1	1	5012
20.152	0.0	T2	2	5038
20.252	0.0	T3	3	5063
20.352	0.0	T4	4	5088
20.452	0.0	T5	5	5113
20.552	0.0	T6	6	5138
20.652	0.0	T7	7	5163
20.752	0.0	T8	8	5188
20.852	0.0	T9	9	5213
20.952	0.0	T10	10	5238
21.052	0.0	T1	1	5263
21.152	0.0	T2	2	5288
21.252	0.0	T3	3	5313
21.352	0.0	T4	4	5338
21.452	0.0	T5	5	5363
21.552	0.0	T6	6	5388
21.652	0.0	T7	7	5413
21.752	0.0	T8	8	5438
21.852	0.0	T9	9	5463
21.952	0.0	T10	10	5488
22.052	0.0	T1	1	5513
22.152	0.0	T2	2	5538
22.252	0.0	T3	3	5563
22.352	0.0	T4	4	5588
22.452	0.0	T5	5	5613
22.552	0.0	T6	6	5638
22.652	0.0	T7	7	5663
22.752	0.0	T8	8	5688
22.852	0.0	T9	9	5713
22.952	0.0	T10	10	5738
23.052	0.0	T1	1	5763
23.152	0.0	T2	2	5788
23.252	0.0	T3	3	5813
23.352	0.0	T4	4	5838
23.452	0.0	T5	5	5863
23.552	0.0	T6	6	5888
23.652	0.0	T7	7	5913
23.752	0.0	T8	8	5938
23.852	0.0	T9	9	5963
23.952	0.0	T10	10	5988
24.052	0.0	T1	1	6013
24.152	0.0	T2	2	6038
24.252	0.0	T3	3	6063
24.352	0.0	T4	4	6088
24.452	0.0	T5	5	6113
24.552	0.0	T6	6	6138
24.652	0.0	T7	7	6163
24.752	0.0	T8	8	6188
24.852	0.0	T9	9	6213
24.952	0.0	T10	10	6238
25.052	0.0	T1	1	6263
25.152	0.0	T2	2	6288
25.252	0.0	T3	3	6313
25.352	0.0	T4	4	6338
25.452	0.0	T5	5	6363
25.556	0.0	T6	6	6389
25.656	0.0	T7	7	6414
25.756	0.0	T8	8	6439
25.856	0.0	T9	9	6464
25.956	0.0	T10	10	6489
26.056	0.0	T1	1	6514
26.156	0.0	T2	2	6539
26.256	0.0	T3	3	6564
26.356	0.0	T4	4	6589
26.456	0.0	T5	5	6614
26.556	0.0	T6	6	6639
26.656	0.0	T7	7	6664
26.756	0.0	T8	8	6689
26.856	0.0	T9	9	6714
26.956	0.0	T10	10	6739
27.056	0.0	T1	1	6764
27.156	0.0	T2	2	6789
27.256	0.0	T3	3	6814
27.356	0.0	T4	4	6839
27.456	0.0	T5	5	6864
27.556	0.0	T6	6	6889
27.656	0.0	T7	7	6914
27.756	0.0	T8	8	6939
27.856	0.0	T9	9	6964
27.956	0.0	T10	10	6989
28.056	0.0	T1	1	7014
28.156	0.0	T2	2	7039
28.256	0.0	T3	3	7064
28.356	0.0	T4	4	7089
28.456	0.0	T5	5	7114
28.556	0.0	T6	6	7139
28.656	0.0	T7	7	7164
28.756	0.0	T8	8	7189
28.856	0.0	T9	9	7214
28.956	0.0	T10	10	7239
29.056	0.0	T1	1	7264
29.156	0.0	T2	2	7289
29.256	0.0	T3	3	7314
29.356	0.0	T4	4	7339
29.456	0.0	T5	5	7364
29.556	0.0	T6	6	7389
29.656	0.0	T7	7	7414
29.756	0.0	T8	8	7439
29.856	0.0	T9	9	7464
29.96	0.0	T10	10	7490
30.056	0.0	T1	1	7514
30.156	0.0	T2	2	7539
30.256	0.0	T3	3	7564
30.356	0.0	T4	4	7589
30.46	0.0	T5	5	7615
30.556	0.0	T6	6	7639
30.656	0.0	T7	7	7664
30.756	0.0	T8	8	7689
30.856	0.0	T9	9	7714
30.956	0.0	T10	10	7739
31.06	0.0	T1	1	7765
31.16	0.0	T2	2	7790
31.26	0.0	T3	3	7815
31.36	0.0	T4	4	7840
31.46	0.0	T5	5	7865
31.56	0.0	T6	6	7890
31.66	0.0	T7	7	7915
31.76	0.0	T8	8	7940
31.86	0.0	T9	9	7965
31.96	0.0	T10	10	7990
32.06	0.0	T1	1	8015
32.16	0.0	T2	2	8040
32.26	0.0	T3	3	8065
32.36	0.0	T4	4	8090
32.46	0.0	T5	5	8115
32.56	0.0	T6	6	8140
32.66	0.0	T7	7	8165
32.76	0.0	T8	8	8190
32.86	0.0	T9	9	8215
32.96	0.0	T10	10	8240
33.06	0.0	T1	1	8265
33.16	0.0	T2	2	8290
33.26	0.0	T3	3	8315
33.36	0.0	T4	4	8340
33.46	0.0	T5	5	8365
33.56	0.0	T6	6	8390
33.66	0.0	T7	7	8415
33.76	0.0	T8	8	8440
33.86	0.0	T9	9	8465
33.96	0.0	T10	10	8490
34.06	0.0	T1	1	8515
34.16	0.0	T2	2	8540
34.26	0.0	T3	3	8565
34.36	0.0	T4	4	8590
34.46	0.0	T5	5	8615
34.56	0.0	T6	6	8640
34.66	0.0	T7	7	8665
34.76	0.0	T8	8	8690
34.86	0.0	T9	9	8715
34.96	0.0	T10	10	8740
35.06	0.0	T1	1	8765
35.16	0.0	T2	2	8790
35.26	0.0	T3	3	8815
35.36	0.0	T4	4	8840
35.46	0.0	T5	5	8865
35.56	0.0	T6	6	8890
35.66	0.0	T7	7	8915
35.76	0.0	T8	8	8940
35.86	0.0	T9	9	8965
35.96	0.0	T10	10	8990
36.06	0.0	T1	1	9015
36.16	0.0	T2	2	9040
36.26	0.0	T3	3	9065
36.36	0.0	T4	4	9090
36.46	0.0	T5	5	9115
36.56	0.0	T6	6	9140
36.664	0.0	T7	7	9166
36.76	0.0	T8	8	9190
36.86	0.0	T9	9	9215
36.964	0.0	T10	10	9241
37.064	0.0	T1	1	9266
37.16	0.0	T2	2	9290
37.264	0.0	T3	3	9316
37.364	0.0	T4	4	9341
37.464	0.0	T5	5	9366
37.564	0.0	T6	6	9391
37.664	0.0	T7	7	9416
37.764	0.0	T8	8	9441
37.864	0.0	T9	9	9466
37.964	0.0	T10	10	9491
38.064	0.0	T1	1	9516
38.164	0.0	T2	2	9541
38.264	0.0	T3	3	9566
38.364	0.0	T4	4	9591
38.464	0.0	T5	5	9616
38.564	0.0	T6	6	9641
38.664	0.0	T7	7	9666
38.764	0.0	T8	8	9691
38.864	0.0	T9	9	9716
38.964	0.0	T10	10	9741
39.064	0.0	T1	1	9766
39.164	0.0	T2	2	9791
39.264	0.0	T3	3	9816
39.364	0.0	T4	4	9841
39.464	0.0	T5	5	9866
39.564	0.0	T6	6	9891
39.664	0.0	T7	7	9916
39.764	0.0	T8	8	9941
39.864	0.0	T9	9	9966
39.964	0.0	T10	10	9991
40.064	0.0	T1	1	10016
40.164	0.0	T2	2	10041
40.264	0.0	T3	3	10066
40.364	0.0	T4	4	10091
40.464	0.0	T5	5	10116
40.564	0.0	T6	6	10141
40.664	0.0	T7	7	10166
40.764	0.0	T8	8	10191
40.864	0.0	T9	9	10216
40.964	0.0	T10	10	10241
41.064	0.0	T1	1	10266
41.164	0.0	T2	2	10291
41.264	0.0	T3	3	10316
41.364	0.0	T4	4	10341
41.464	0.0	T5	5	10366
41.564	0.0	T6	6	10391
41.664	0.0	T7	7	10416
41.764	0.0	T8	8	10441
41.864	0.0	T9	9	10466
41.964	0.0	T10	10	10491
42.068	0.0	T1	1	10517
42.168	0.0	T2	2	10542
42.268	0.0	T3	3	10567
42.368	0.0	T4	4	10592
42.468	0.0	T5	5	10617
42.568	0.0	T6	6	10642
42.668	0.0	T7	7	10667
42.768	0.0	T8	8	10692
42.868	0.0	T9	9	10717
42.968	0.0	T10	10	10742
43.068	0.0	T1	1	10767
43.168	0.0	T2	2	10792
43.268	0.0	T3	3	10817
43.368	0.0	T4	4	10842
43.468	0.0	T5	5	10867
43.568	0.0	T6	6	10892
43.668	0.0	T7	7	10917
43.768	0.0	T8	8	10942
43.868	0.0	T9	9	10967
43.968	0.0	T10	10	10992
44.068	0.0	T1	1	11017
44.168	0.0	T2	2	11042
44.268	0.0	T3	3	11067
44.368	0.0	T4	4	11092
44.468	0.0	T5	5	11117
44.568	0.0	T6	6	11142
44.668	0.0	T7	7	11167
44.768	0.0	T8	8	11192
44.868	0.0	T9	9	11217
44.968	0.0	T10	10	11242
45.068	0.0	T1	1	11267
45.168	0.0	T2	2	11292
45.268	0.0	T3	3	11317
45.368	0.0	T4	4	11342
45.468	0.0	T5	5	11367
45.568	0.0	T6	6	11392
45.668	0.0	T7	7	11417
45.768	0.0	T8	8	11442
45.868	0.0	T9	9	11467
45.968	0.0	T10	10	11492
46.068	0.0	T1	1	11517
46.172	0.0	T2	2	11543
46.268	0.0	T3	3	11567
46.368	0.0	T4	4	11592
46.472	0.0	T5	5	11618
46.568	0.0	T6	6	11642
46.668	0.0	T7	7	11667
46.768	0.0	T8	8	11692
46.868	0.0	T9	9	11717
46.972	0.0	T10	10	11743
47.072	0.0	T1	1	11768
47.172	0.0	T2	2	11793
47.272	0.0	T3	3	11818
47.372	0.0	T4	4	11843
47.472	0.0	T5	5	11868
47.572	0.0	T6	6	11893
47.672	0.0	T7	7	11918
47.772	0.0	T8	8	11943
47.872	0.0	T9	9	11968
47.972	0.0	T10	10	11993
48.072	0.0	T1	1	12018
48.172	0.0	T2	2	12043
48.272	0.0	T3	3	12068
48.372	0.0	T4	4	12093
48.472	0.0	T5	5	12118
48.572	0.0	T6	6	12143
48.672	0.0	T7	7	12168
48.772	0.0	T8	8	12193
48.872	0.0	T9	9	12218
48.972	0.0	T10	10	12243
49.072	0.0	T1	1	12268
49.172	0.0	T2	2	12293
49.272	0.0	T3	3	12318
49.372	0.0	T4	4	12343
49.472	0.0	T5	5	12368
49.572	0.0	T6	6	12393
49.672	0.0	T7	7	12418
49.772	0.0	T8	8	12443
49.872	0.0	T9	9	12468
49.972	0.0	T10	10	12493
50.072	0.0	T1	1	12518
50.172	0.0	T2	2	12543
50.272	0.0	T3	3	12568
50.372	0.0	T4	4	12593
50.472	0.0	T5	5	12618
50.572	0.0	T6	6	12643
50.672	0.0	T7	7	12668
50.772	0.0	T8	8	12693
50.872	0.0	T9	9	12718
50.972	0.0	T10	10	12743
51.072	0.0	T1	1	12768
51.172	0.0	T2	2	12793
51.272	0.0	T3	3	12818
51.372	0.0	T4	4	12843
51.472	0.0	T5	5	12868
51.576	0.0	T6	6	12894
51.672	0.0	T7	7	12918
51.772	0.0	T8	8	12943
51.872	0.0	T9	9	12968
51.972	0.0	T10	10	12993
52.072	0.0	T1	1	13018
52.172	0.0	T2	2	13043
52.272	0.0	T3	3	13068
52.372	0.0	T4	4	13093
52.472	0.0	T5	5	13118
52.572	0.0	T6	6	13143
52.672	0.0	T7	7	13168
52.772	0.0	T8	8	13193
52.872	0.0	T9	9	13218
52.972	0.0	T10	10	13243
53.072	0.0	T1	1	13268
53.172	0.0	T2	2	13293
53.272	0.0	T3	3	13318
53.372	0.0	T4	4	13343
53.476	0.0	T5	5	13369
53.576	0.0	T6	6	13394
53.676	0.0	T7	7	13419
53.776	0.0	T8	8	13444
53.876	0.0	T9	9	13469
53.976	0.0	T10	10	13494
54.076	0.0	T1	1	13519
54.176	0.0	T2	2	13544
54.276	0.0	T3	3	13569
54.376	0.0	T4	4	13594
54.476	0.0	T5	5	13619
54.576	0.0	T6	6	13644
54.676	0.0	T7	7	13669
54.776	0.0	T8	8	13694
54.876	0.0	T9	9	13719
54.976	0.0	T10	10	13744
55.076	0.0	T1	1	13769
55.176	0.0	T2	2	13794
55.276	0.0	T3	3	13819
55.376	0.0	T4	4	13844
55.476	0.0	T5	5	13869
55.576	0.0	T6	6	13894
55.676	0.0	T7	7	13919
55.776	0.0	T8	8	13944
55.876	0.0	T9	9	13969
55.976	0.0	T10	10	13994
56.076	0.0	T1	1	14019
56.176	0.0	T2	2	14044
56.276	0.0	T3	3	14069
56.376	0.0	T4	4	14094
56.476	0.0	T5	5	14119
56.576	0.0	T6	6	14144
56.676	0.0	T7	7	14169
56.776	0.0	T8	8	14194
56.876	0.0	T9	9	14219
56.976	0.0	T10	10	14244
57.076	0.0	T1	1	14269
57.176	0.0	T2	2	14294
57.276	0.0	T3	3	14319
57.376	0.0	T4	4	14344
57.48	0.0	T5	5	14370
57.576	0.0	T6	6	14394
57.676	0.0	T7	7	14419
57.776	0.0	T8	8	14444
57.876	0.0	T9	9	14469
57.976	0.0	T10	10	14494
58.076	0.0	T1	1	14519
58.176	0.0	T2	2	14544
58.28	0.0	T3	3	14570
58.376	0.0	T4	4	14594
58.476	0.0	T5	5	14619
58.576	0.0	T6	6	14644
58.68	0.0	T7	7	14670
58.78	0.0	T8	8	14695
58.88	0.0	T9	9	14720
58.98	0.0	T10	10	14745
59.08	0.0	T1	1	14770
59.18	0.0	T2	2	14795
59.28	0.0	T3	3	14820
59.38	0.0	T4	4	14845
59.48	0.0	T5	5	14870
59.58	0.0	T6	6	14895
59.68	0.0	T7	7	14920
59.78	0.0	T8	8	14945
59.88	0.0	T9	9	14970
59.98	0.0	T10	10	14995
60.08	0.0	T1	1	15020
60.18	0.0	T2	2	15045
60.28	0.0	T3	3	15070
60.38	0.0	T4	4	15095
60.48	0.0	T5	5	15120
60.58	0.0	T6	6	15145
60.68	0.0	T7	7	15170
60.78	0.0	T8	8	15195
60.88	0.0	T9	9	15220
60.98	0.0	T10	10	15245
61.08	0.0	T1	1	15270
61.18	0.0	T2	2	15295
61.28	0.0	T3	3	15320
61.38	0.0	T4	4	15345
61.48	0.0	T5	5	15370
61.58	0.0	T6	6	15395
61.68	0.0	T7	7	15420
61.78	0.0	T8	8	15445
61.88	0.0	T9	9	15470
61.98	0.0	T10	10	15495
62.08	0.0	T1	1	15520
62.18	0.0	T2	2	15545
62.28	0.0	T3	3	15570
62.38	0.0	T4	4	15595
62.48	0.0	T5	5	15620
62.58	0.0	T6	6	15645
62.68	0.0	T7	7	15670
62.78	0.0	T8	8	15695
62.88	0.0	T9	9	15720
62.98	0.0	T10	10	15745
63.08	0.0	T1	1	15770
63.18	0.0	T2	2	15795
63.28	0.0	T3	3	15820
63.38	0.0	T4	4	15845
63.48	0.0	T5	5	15870
63.58	0.0	T6	6	15895
63.68	0.0	T7	7	15920
63.78	0.0	T8	8	15945
63.88	0.0	T9	9	15970
63.98	0.0	T10	10	15995
95.952	0.0	T1	1	23988
96.052	0.0	T2	2	24013
96.152	0.0	T3	3	24038
96.252	0.0	T4	4	24063
96.352	0.0	T5	5	24088
96.456	0.0	T6	6	24114
96.552	0.0	T7	7	24138
96.652	0.0	T8	8	24163
96.752	0.0	T9	9	24188
96.852	0.0	T10	10	24213
96.952	0.0	T1	1	24238
97.056	0.0	T2	2	24264
97.156	0.0	T3	3	24289
97.256	0.0	T4	4	24314
97.356	0.0	T5	5	24339
97.456	0.0	T6	6	24364
97.556	0.0	T7	7	24389
97.656	0.0	T8	8	24414
97.756	0.0	T9	9	24439
97.856	0.0	T10	10	24464
97.956	0.0	T1	1	24489
98.056	0.0	T2	2	24514
98.156	0.0	T3	3	24539
98.256	0.0	T4	4	24564
98.356	0.0	T5	5	24589
98.456	0.0	T6	6	24614
98.556	0.0	T7	7	24639
98.656	0.0	T8	8	24664
98.756	0.0	T9	9	24689
98.856	0.0	T10	10	24714
98.956	0.0	T1	1	24739
99.056	0.0	T2	2	24764
99.156	0.0	T3	3	24789
99.256	0.0	T4	4	24814
99.356	0.0	T5	5	24839
99.456	0.0	T6	6	24864
99.556	0.0	T7	7	24889
99.656	0.0	T8	8	24914
99.756	0.0	T9	9	24939
99.856	0.0	T10	10	24964
99.956	0.0	T1	1	24989
100.056	0.0	T2	2	25014
100.156	0.0	T3	3	25039
100.256	0.0	T4	4	25064
100.356	0.0	T5	5	25089
100.456	0.0	T6	6	25114
100.556	0.0	T7	7	25139
100.66	0.0	T8	8	25165
100.756	0.0	T9	9	25189
100.856	0.0	T10	10	25214
100.956	0.0	T1	1	25239
101.056	0.0	T2	2	25264
101.156	0.0	T3	3	25289
101.26	0.0	T4	4	25315
101.356	0.0	T5	5	25339
101.456	0.0	T6	6	25364
101.556	0.0	T7	7	25389
101.656	0.0	T8	8	25414
101.756	0.0	T9	9	25439
101.856	0.0	T10	10	25464
101.956	0.0	T1	1	25489
102.056	0.0	T2	2	25514
102.156	0.0	T3	3	25539
102.256	0.0	T4	4	25564
102.356	0.0	T5	5	25589
102.46	0.0	T6	6	25615
102.556	0.0	T7	7	25639
102.656	0.0	T8	8	25664
102.76	0.0	T9	9	25690
102.86	0.0	T10	10	25715
102.96	0.0	T1	1	25740
103.06	0.0	T2	2	25765
103.16	0.0	T3	3	25790
103.26	0.0	T4	4	25815
103.36	0.0	T5	5	25840
103.46	0.0	T6	6	25865
103.56	0.0	T7	7	25890
103.66	0.0	T8	8	25915
103.76	0.0	T9	9	25940
103.86	0.0	T10	10	25965
103.96	0.0	T1	1	25990
104.06	0.0	T2	2	26015
104.16	0.0	T3	3	26040
104.26	0.0	T4	4	26065
104.36	0.0	T5	5	26090
104.46	0.0	T6	6	26115
104.56	0.0	T7	7	26140
104.66	0.0	T8	8	26165
104.76	0.0	T9	9	26190
104.86	0.0	T10	10	26215
104.96	0.0	T1	1	26240
105.06	0.0	T2	2	26265
105.16	0.0	T3	3	26290
105.26	0.0	T4	4	26315
105.36	0.0	T5	5	26340
105.46	0.0	T6	6	26365
105.56	0.0	T7	7	26390
105.66	0.0	T8	8	26415
105.76	0.0	T9	9	26440
105.86	0.0	T10	10	26465
105.96	0.0	T1	1	26490
106.06	0.0	T2	2	26515
106.16	0.0	T3	3	26540
106.26	0.0	T4	4	26565
106.36	0.0	T5	5	26590
106.46	0.0	T6	6	26615
106.56	0.0	T7	7	26640
106.66	0.0	T8	8	26665
106.76	0.0	T9	9	26690
106.86	0.0	T10	10	26715
106.96	0.0	T1	1	26740
107.06	0.0	T2	2	26765
107.16	0.0	T3	3	26790
107.26	0.0	T4	4	26815
107.364	0.0	T5	5	26841
107.46	0.0	T6	6	26865
107.56	0.0	T7	7	26890
107.66	0.0	T8	8	26915
107.76	0.0	T9	9	26940
107.86	0.0	T10	10	26965
107.96	0.0	T1	1	26990
108.06	0.0	T2	2	27015
108.16	0.0	T3	3	27040
108.26	0.0	T4	4	27065
108.36	0.0	T5	5	27090
108.46	0.0	T6	6	27115
108.56	0.0	T7	7	27140
108.66	0.0	T8	8	27165
108.76	0.0	T9	9	27190
108.86	0.0	T10	10	27215
108.96	0.0	T1	1	27240
109.06	0.0	T2	2	27265
109.16	0.0	T3	3	27290
109.264	0.0	T4	4	27316
109.36	0.0	T5	5	27340
109.464	0.0	T6	6	27366
109.56	0.0	T7	7	27390
109.66	0.0	T8	8	27415
109.76	0.0	T9	9	27440
109.864	0.0	T10	10	27466
109.964	0.0	T1	1	27491
110.064	0.0	T2	2	27516
110.164	0.0	T3	3	27541
110.264	0.0	T4	4	27566
110.364	0.0	T5	5	27591
110.464	0.0	T6	6	27616
110.564	0.0	T7	7	27641
110.664	0.0	T8	8	27666
110.764	0.0	T9	9	27691
110.864	0.0	T10	10	27716
110.964	0.0	T1	1	27741
111.064	0.0	T2	2	27766
111.164	0.0	T3	3	27791
111.264	0.0	T4	4	27816
111.364	0.0	T5	5	27841
111.464	0.0	T6	6	27866
111.564	0.0	T7	7	27891
111.664	0.0	T8	8	27916
111.764	0.0	T9	9	27941
111.864	0.0	T10	10	27966
111.964	0.0	T1	1	27991
112.064	0.0	T2	2	28016
112.164	0.0	T3	3	28041
112.264	0.0	T4	4	28066
112.364	0.0	T5	5	28091
112.464	0.0	T6	6	28116
112.564	0.0	T7	7	28141
112.664	0.0	T8	8	28166
112.764	0.0	T9	9	28191
112.864	0.0	T10	10	28216
112.964	0.0	T1	1	28241
113.064	0.0	T2	2	28266
113.164	0.0	T3	3	28291
113.264	0.0	T4	4	28316
113.364	0.0	T5	5	28341
113.464	0.0	T6	6	28366
113.564	0.0	T7	7	28391
113.664	0.0	T8	8	28416
113.764	0.0	T9	9	28441
113.864	0.0	T10	10	28466
113.964	0.0	T1	1	28491
114.064	0.0	T2	2	28516
114.164	0.0	T3	3	28541
114.264	0.0	T4	4	28566
114.364	0.0	T5	5	28591
114.464	0.0	T6	6	28616
114.564	0.0	T7	7	28641
114.664	0.0	T8	8	28666
114.764	0.0	T9	9	28691
114.864	0.0	T10	10	28716
114.964	0.0	T1	1	28741
115.064	0.0	T2	2	28766
115.164	0.0	T3	3	28791
115.264	0.0	T4	4	28816
115.364	0.0	T5	5	28841
115.464	0.0	T6	6	28866
115.564	0.0	T7	7	28891
115.664	0.0	T8	8	28916
115.764	0.0	T9	9	28941
115.868	0.0	T10	10	28967
115.964	0.0	T1	1	28991
116.064	0.0	T2	2	29016
116.164	0.0	T3	3	29041
116.268	0.0	T4	4	29067
116.368	0.0	T5	5	29092
116.468	0.0	T6	6	29117
116.568	0.0	T7	7	29142
116.668	0.0	T8	8	29167
116.768	0.0	T9	9	29192
116.868	0.0	T10	10	29217
116.968	0.0	T1	1	29242
117.068	0.0	T2	2	29267
117.168	0.0	T3	3	29292
117.268	0.0	T4	4	29317
117.368	0.0	T5	5	29342
117.468	0.0	T6	6	29367
117.568	0.0	T7	7	29392
117.668	0.0	T8	8	29417
117.768	0.0	T9	9	29442
117.868	0.0	T10	10	29467
117.968	0.0	T1	1	29492
118.068	0.0	T2	2	29517
118.168	0.0	T3	3	29542
118.268	0.0	T4	4	29567
118.368	0.0	T5	5	29592
118.468	0.0	T6	6	29617
118.568	0.0	T7	7	29642
118.668	0.0	T8	8	29667
118.768	0.0	T9	9	29692
118.868	0.0	T10	10	29717
118.968	0.0	T1	1	29742
119.068	0.0	T2	2	29767
119.168	0.0	T3	3	29792
119.268	0.0	T4	4	29817
119.368	0.0	T5	5	29842
119.468	0.0	T6	6	29867
119.568	0.0	T7	7	29892
119.668	0.0	T8	8	29917
119.768	0.0	T9	9	29942
119.868	0.0	T10	10	29967
119.968	0.0	T1	1	29992
120.068	0.0	T2	2	30017
120.168	0.0	T3	3	30042
120.268	0.0	T4	4	30067
120.368	0.0	T5	5	30092
120.468	0.0	T6	6	30117
120.568	0.0	T7	7	30142
120.668	0.0	T8	8	30167
120.768	0.0	T9	9	30192
120.868	0.0	T10	10	30217
120.968	0.0	T1	1	30242
121.068	0.0	T2	2	30267
121.168	0.0	T3	3	30292
121.268	0.0	T4	4	30317
121.368	0.0	T5	5	30342
121.468	0.0	T6	6	30367
121.568	0.0	T7	7	30392
121.668	0.0	T8	8	30417
121.768	0.0	T9	9	30442
121.868	0.0	T10	10	30467
121.968	0.0	T1	1	30492
122.068	0.0	T2	2	30517
122.168	0.0	T3	3	30542
122.268	0.0	T4	4	30567
122.368	0.0	T5	5	30592
122.468	0.0	T6	6	30617
122.572	0.0	T7	7	30643
122.668	0.0	T8	8	30667
122.772	0.0	T9	9	30693
122.872	0.0	T10	10	30718
122.972	0.0	T1	1	30743
123.072	0.0	T2	2	30768
123.172	0.0	T3	3	30793
123.272	0.0	T4	4	30818
123.372	0.0	T5	5	30843
123.472	0.0	T6	6	30868
123.572	0.0	T7	7	30893
123.672	0.0	T8	8	30918
123.772	0.0	T9	9	30943
123.872	0.0	T10	10	30968
123.972	0.0	T1	1	30993
124.072	0.0	T2	2	31018
124.172	0.0	T3	3	31043
124.272	0.0	T4	4	31068
124.372	0.0	T5	5	31093
124.472	0.0	T6	6	31118
124.572	0.0	T7	7	31143
124.672	0.0	T8	8	31168
124.772	0.0	T9	9	31193
124.872	0.0	T10	10	31218
124.972	0.0	T1	1	31243
125.072	0.0	T2	2	31268
125.172	0.0	T3	3	31293
125.272	0.0	T4	4	31318
125.372	0.0	T5	5	31343
125.472	0.0	T6	6	31368
125.572	0.0	T7	7	31393
125.672	0.0	T8	8	31418
125.772	0.0	T9	9	31443
125.872	0.0	T10	10	31468
125.972	0.0	T1	1	31493
126.072	0.0	T2	2	31518
126.172	0.0	T3	3	31543
126.272	0.0	T4	4	31568
126.372	0.0	T5	5	31593
126.472	0.0	T6	6	31618
126.572	0.0	T7	7	31643
126.672	0.0	T8	8	31668
126.772	0.0	T9	9	31693
126.872	0.0	T10	10	31718
126.972	0.0	T1	1	31743
127.072	0.0	T2	2	31768
127.172	0.0	T3	3	31793
127.272	0.0	T4	4	31818
127.372	0.0	T5	5	31843
127.472	0.0	T6	6	31868
127.572	0.0	T7	7	31893
127.672	0.0	T8	8	31918
127.788	0.0	T9	9	31947
127.888	0.0	T10	10	31972
127.988	0.0	T1	1	31997
128.088	0.0	T2	2	32022
128.188	0.0	T3	3	32047
128.288	0.0	T4	4	32072
128.388	0.0	T5	5	32097
128.492	0.0	T6	6	32123
128.588	0.0	T7	7	32147
128.692	0.0	T8	8	32173
148.984	0.0	T1	1	37246
149.084	0.0	T2	2	37271
149.184	0.0	T3	3	37296
149.284	0.0	T4	4	37321
149.384	0.0	T5	5	37346
149.484	0.0	T6	6	37371
149.584	0.0	T7	7	37396
149.684	0.0	T8	8	37421
149.784	0.0	T9	9	37446
149.884	0.0	T10	10	37471
149.984	0.0	T1	1	37496
150.084	0.0	T2	2	37521
150.184	0.0	T3	3	37546
150.284	0.0	T4	4	37571
150.384	0.0	T5	5	37596
150.484	0.0	T6	6	37621
150.584	0.0	T7	7	37646
150.684	0.0	T8	8	37671
150.788	0.0	T9	9	37697
150.888	0.0	T10	10	37722
150.988	0.0	T1	1	37747
151.088	0.0	T2	2	37772
151.188	0.0	T3	3	37797
151.288	0.0	T4	4	37822
151.388	0.0	T5	5	37847
151.488	0.0	T6	6	37872
151.588	0.0	T7	7	37897
151.688	0.0	T8	8	37922
151.788	0.0	T9	9	37947
151.888	0.0	T10	10	37972
151.988	0.0	T1	1	37997
152.088	0.0	T2	2	38022
152.188	0.0	T3	3	38047
152.288	0.0	T4	4	38072
152.388	0.0	T5	5	38097
152.488	0.0	T6	6	38122
152.588	0.0	T7	7	38147
152.688	0.0	T8	8	38172
152.788	0.0	T9	9	38197
152.888	0.0	T10	10	38222
152.988	0.0	T1	1	38247
153.088	0.0	T2	2	38272
153.188	0.0	T3	3	38297
153.288	0.0	T4	4	38322
153.388	0.0	T5	5	38347
153.488	0.0	T6	6	38372
153.588	0.0	T7	7	38397
153.688	0.0	T8	8	38422
153.788	0.0	T9	9	38447
153.888	0.0	T10	10	38472
153.988	0.0	T1	1	38497
154.088	0.0	T2	2	38522
154.188	0.0	T3	3	38547
154.288	0.0	T4	4	38572
154.388	0.0	T5	5	38597
154.488	0.0	T6	6	38622
154.588	0.0	T7	7	38647
154.688	0.0	T8	8	38672
154.788	0.0	T9	9	38697
154.888	0.0	T10	10	38722
154.988	0.0	T1	1	38747
155.088	0.0	T2	2	38772
155.188	0.0	T3	3	38797
155.288	0.0	T4	4	38822
155.388	0.0	T5	5	38847
155.488	0.0	T6	6	38872
155.588	0.0	T7	7	38897
155.688	0.0	T8	8	38922
155.788	0.0	T9	9	38947
155.888	0.0	T10	10	38972
155.988	0.0	T1	1	38997
156.088	0.0	T2	2	39022
156.188	0.0	T3	3	39047
156.288	0.0	T4	4	39072
156.392	0.0	T5	5	39098
156.492	0.0	T6	6	39123
156.588	0.0	T7	7	39147
156.688	0.0	T8	8	39172
156.792	0.0	T9	9	39198
156.888	0.0	T10	10	39222
156.992	0.0	T1	1	39248
157.092	0.0	T2	2	39273
157.192	0.0	T3	3	39298
157.292	0.0	T4	4	39323
157.392	0.0	T5	5	39348
157.492	0.0	T6	6	39373
157.592	0.0	T7	7	39398
157.692	0.0	T8	8	39423
157.792	0.0	T9	9	39448
157.892	0.0	T10	10	39473
157.992	0.0	T1	1	39498
158.092	0.0	T2	2	39523
158.192	0.0	T3	3	39548
158.292	0.0	T4	4	39573
158.392	0.0	T5	5	39598
158.492	0.0	T6	6	39623
158.592	0.0	T7	7	39648
158.692	0.0	T8	8	39673
158.792	0.0	T9	9	39698
158.892	0.0	T10	10	39723
158.992	0.0	T1	1	39748
159.092	0.0	T2	2	39773
159.192	0.0	T3	3	39798
159.292	0.0	T4	4	39823
159.392	0.0	T5	5	39848
159.492	0.0	T6	6	39873
159.592	0.0	T7	7	39898
159.692	0.0	T8	8	39923
159.792	0.0	T9	9	39948
159.892	0.0	T10	10	39973
159.992	0.0	T1	1	39998
160.092	0.0	T2	2	40023
160.192	0.0	T3	3	40048
160.292	0.0	T4	4	40073
160.392	0.0	T5	5	40098
160.492	0.0	T6	6	40123
160.592	0.0	T7	7	40148
160.692	0.0	T8	8	40173
160.792	0.0	T9	9	40198
160.892	0.0	T10	10	40223
160.992	0.0	T1	1	40248
161.092	0.0	T2	2	40273
161.192	0.0	T3	3	40298
161.292	0.0	T4	4	40323
161.392	0.0	T5	5	40348
161.492	0.0	T6	6	40373
161.592	0.0	T7	7	40398
161.692	0.0	T8	8	40423
161.792	0.0	T9	9	40448
161.892	0.0	T10	10	40473
161.992	0.0	T1	1	40498
162.092	0.0	T2	2	40523
162.192	0.0	T3	3	40548
162.292	0.0	T4	4	40573
162.392	0.0	T5	5	40598
162.492	0.0	T6	6	40623
162.592	0.0	T7	7	40648
162.692	0.0	T8	8	40673
162.792	0.0	T9	9	40698
162.892	0.0	T10	10	40723
162.992	0.0	T1	1	40748
163.092	0.0	T2	2	40773
163.192	0.0	T3	3	40798
163.292	0.0	T4	4	40823
163.392	0.0	T5	5	40848
163.492	0.0	T6	6	40873
163.592	0.0	T7	7	40898
163.696	0.0	T8	8	40924
163.796	0.0	T9	9	40949
163.896	0.0	T10	10	40974
163.996	0.0	T1	1	40999
164.096	0.0	T2	2	41024
164.196	0.0	T3	3	41049
164.296	0.0	T4	4	41074
164.396	0.0	T5	5	41099
164.496	0.0	T6	6	41124
164.596	0.0	T7	7	41149
164.696	0.0	T8	8	41174
164.796	0.0	T9	9	41199
164.896	0.0	T10	10	41224
164.996	0.0	T1	1	41249
165.096	0.0	T2	2	41274
165.196	0.0	T3	3	41299
165.296	0.0	T4	4	41324
165.396	0.0	T5	5	41349
165.496	0.0	T6	6	41374
165.596	0.0	T7	7	41399
165.696	0.0	T8	8	41424
165.796	0.0	T9	9	41449
165.896	0.0	T10	10	41474
165.996	0.0	T1	1	41499
166.096	0.0	T2	2	41524
166.196	0.0	T3	3	41549
166.296	0.0	T4	4	41574
166.396	0.0	T5	5	41599
166.496	0.0	T6	6	41624
166.596	0.0	T7	7	41649
166.696	0.0	T8	8	41674
166.796	0.0	T9	9	41699
166.896	0.0	T10	10	41724
166.996	0.0	T1	1	41749
167.096	0.0	T2	2	41774
167.196	0.0	T3	3	41799
167.296	0.0	T4	4	41824
167.396	0.0	T5	5	41849
167.496	0.0	T6	6	41874
167.596	0.0	T7	7	41899
167.696	0.0	T8	8	41924
167.796	0.0	T9	9	41949
167.896	0.0	T10	10	41974
167.996	0.0	T1	1	41999
168.096	0.0	T2	2	42024
168.196	0.0	T3	3	42049
168.296	0.0	T4	4	42074
168.396	0.0	T5	5	42099
168.496	0.0	T6	6	42124
168.596	0.0	T7	7	42149
168.696	0.0	T8	8	42174
168.796	0.0	T9	9	42199
168.896	0.0	T10	10	42224
168.996	0.0	T1	1	42249
169.096	0.0	T2	2	42274
169.196	0.0	T3	3	42299
169.296	0.0	T4	4	42324
169.396	0.0	T5	5	42349
169.496	0.0	T6	6	42374
169.596	0.0	T7	7	42399
169.696	0.0	T8	8	42424
169.796	0.0	T9	9	42449
169.896	0.0	T10	10	42474
169.996	0.0	T1	1	42499
170.096	0.0	T2	2	42524
170.196	0.0	T3	3	42549
170.296	0.0	T4	4	42574
170.396	0.0	T5	5	42599
170.496	0.0	T6	6	42624
170.596	0.0	T7	7	42649
170.696	0.0	T8	8	42674
170.796	0.0	T9	9	42699
170.896	0.0	T10	10	42724
170.996	0.0	T1	1	42749
171.096	0.0	T2	2	42774
171.196	0.0	T3	3	42799
171.296	0.0	T4	4	42824
171.396	0.0	T5	5	42849
171.496	0.0	T6	6	42874
171.596	0.0	T7	7	42899
171.696	0.0	T8	8	42924
171.796	0.0	T9	9	42949
171.896	0.0	T10	10	42974
172.0	0.0	T1	1	43000
172.1	0.0	T2	2	43025
172.2	0.0	T3	3	43050
172.3	0.0	T4	4	43075
172.4	0.0	T5	5	43100
172.5	0.0	T6	6	43125
172.6	0.0	T7	7	43150
172.7	0.0	T8	8	43175
172.8	0.0	T9	9	43200
172.9	0.0	T10	10	43225
173.0	0.0	T1	1	43250
173.1	0.0	T2	2	43275
173.2	0.0	T3	3	43300
173.3	0.0	T4	4	43325
173.4	0.0	T5	5	43350
173.5	0.0	T6	6	43375
173.6	0.0	T7	7	43400
173.7	0.0	T8	8	43425
173.8	0.0	T9	9	43450
173.9	0.0	T10	10	43475
174.0	0.0	T1	1	43500
174.1	0.0	T2	2	43525
174.2	0.0	T3	3	43550
174.3	0.0	T4	4	43575
174.4	0.0	T5	5	43600
174.5	0.0	T6	6	43625
174.6	0.0	T7	7	43650
174.7	0.0	T8	8	43675
174.8	0.0	T9	9	43700
174.9	0.0	T10	10	43725
175.0	0.0	T1	1	43750
175.1	0.0	T2	2	43775
175.2	0.0	T3	3	43800
175.3	0.0	T4	4	43825
175.4	0.0	T5	5	43850
175.5	0.0	T6	6	43875
175.6	0.0	T7	7	43900
175.7	0.0	T8	8	43925
175.8	0.0	T9	9	43950
175.9	0.0	T10	10	43975
176.0	0.0	T1	1	44000
176.1	0.0	T2	2	44025
176.2	0.0	T3	3	44050
176.3	0.0	T4	4	44075
176.4	0.0	T5	5	44100
176.5	0.0	T6	6	44125
176.6	0.0	T7	7	44150
176.7	0.0	T8	8	44175
176.8	0.0	T9	9	44200
176.9	0.0	T10	10	44225
177.0	0.0	T1	1	44250
177.1	0.0	T2	2	44275
177.2	0.0	T3	3	44300
177.3	0.0	T4	4	44325
177.4	0.0	T5	5	44350
177.5	0.0	T6	6	44375
177.6	0.0	T7	7	44400
177.7	0.0	T8	8	44425
177.8	0.0	T9	9	44450
177.9	0.0	T10	10	44475
178.0	0.0	T1	1	44500
178.1	0.0	T2	2	44525
178.2	0.0	T3	3	44550
178.3	0.0	T4	4	44575
178.404	0.0	T5	5	44601
178.504	0.0	T6	6	44626
178.604	0.0	T7	7	44651
178.704	0.0	T8	8	44676
178.804	0.0	T9	9	44701
178.904	0.0	T10	10	44726
179.004	0.0	T1	1	44751
179.104	0.0	T2	2	44776
179.204	0.0	T3	3	44801
179.304	0.0	T4	4	44826
179.404	0.0	T5	5	44851
179.504	0.0	T6	6	44876
179.604	0.0	T7	7	44901
179.704	0.0	T8	8	44926
179.804	0.0	T9	9	44951
179.904	0.0	T10	10	44976
180.004	0.0	T1	1	45001
180.104	0.0	T2	2	45026
180.204	0.0	T3	3	45051
180.304	0.0	T4	4	45076
180.404	0.0	T5	5	45101
180.504	0.0	T6	6	45126
180.604	0.0	T7	7	45151
180.704	0.0	T8	8	45176
180.804	0.0	T9	9	45201
180.904	0.0	T10	10	45226
181.004	0.0	T1	1	45251
181.104	0.0	T2	2	45276
181.204	0.0	T3	3	45301
181.304	0.0	T4	4	45326
181.404	0.0	T5	5	45351
181.504	0.0	T6	6	45376
181.604	0.0	T7	7	45401
181.704	0.0	T8	8	45426
181.804	0.0	T9	9	45451
181.904	0.0	T10	10	45476
182.004	0.0	T1	1	45501
182.104	0.0	T2	2	45526
182.204	0.0	T3	3	45551
182.304	0.0	T4	4	45576
182.404	0.0	T5	5	45601
182.504	0.0	T6	6	45626
182.604	0.0	T7	7	45651
182.704	0.0	T8	8	45676
182.804	0.0	T9	9	45701
182.904	0.0	T10	10	45726
183.004	0.0	T1	1	45751
183.104	0.0	T2	2	45776
183.204	0.0	T3	3	45801
183.304	0.0	T4	4	45826
183.404	0.0	T5	5	45851
183.504	0.0	T6	6	45876
183.604	0.0	T7	7	45901
183.704	0.0	T8	8	45926
183.804	0.0	T9	9	45951
183.904	0.0	T10	10	45976
184.004	0.0	T1	1	46001
184.104	0.0	T2	2	46026
184.204	0.0	T3	3	46051
184.304	0.0	T4	4	46076
184.404	0.0	T5	5	46101
184.508	0.0	T6	6	46127
184.604	0.0	T7	7	46151
184.708	0.0	T8	8	46177
184.808	0.0	T9	9	46202
184.908	0.0	T10	10	46227
185.008	0.0	T1	1	46252
185.108	0.0	T2	2	46277
185.208	0.0	T3	3	46302
185.308	0.0	T4	4	46327
185.408	0.0	T5	5	46352
185.508	0.0	T6	6	46377
185.608	0.0	T7	7	46402
185.708	0.0	T8	8	46427
185.808	0.0	T9	9	46452
185.908	0.0	T10	10	46477
186.008	0.0	T1	1	46502
186.108	0.0	T2	2	46527
186.208	0.0	T3	3	46552
186.308	0.0	T4	4	46577
186.408	0.0	T5	5	46602
186.508	0.0	T6	6	46627
186.608	0.0	T7	7	46652
186.708	0.0	T8	8	46677
186.808	0.0	T9	9	46702
186.908	0.0	T10	10	46727
187.008	0.0	T1	1	46752
187.108	0.0	T2	2	46777
187.208	0.0	T3	3	46802
187.308	0.0	T4	4	46827
187.408	0.0	T5	5	46852
187.508	0.0	T6	6	46877
187.608	0.0	T7	7	46902
187.708	0.0	T8	8	46927
187.808	0.0	T9	9	46952
187.908	0.0	T10	10	46977
188.008	0.0	T1	1	47002
188.108	0.0	T2	2	47027
188.208	0.0	T3	3	47052
188.308	0.0	T4	4	47077
188.408	0.0	T5	5	47102
188.508	0.0	T6	6	47127
188.608	0.0	T7	7	47152
188.708	0.0	T8	8	47177
188.808	0.0	T9	9	47202
188.908	0.0	T10	10	47227
189.008	0.0	T1	1	47252
189.108	0.0	T2	2	47277
189.208	0.0	T3	3	47302
189.308	0.0	T4	4	47327
189.408	0.0	T5	5	47352
189.508	0.0	T6	6	47377
189.608	0.0	T7	7	47402
235.688	0.0	T1	1	58922
235.788	0.0	T2	2	58947
235.888	0.0	T3	3	58972
235.988	0.0	T4	4	58997
236.088	0.0	T5	5	59022
236.188	0.0	T6	6	59047
236.288	0.0	T7	7	59072
236.388	0.0	T8	8	59097
236.488	0.0	T9	9	59122
236.588	0.0	T10	10	59147
236.688	0.0	T1	1	59172
236.788	0.0	T2	2	59197
236.888	0.0	T3	3	59222
236.988	0.0	T4	4	59247
237.088	0.0	T5	5	59272
237.188	0.0	T6	6	59297
237.288	0.0	T7	7	59322
237.388	0.0	T8	8	59347
237.488	0.0	T9	9	59372
237.588	0.0	T10	10	59397
237.688	0.0	T1	1	59422
237.788	0.0	T2	2	59447
237.888	0.0	T3	3	59472
237.988	0.0	T4	4	59497
238.088	0.0	T5	5	59522
238.188	0.0	T6	6	59547
238.288	0.0	T7	7	59572
238.388	0.0	T8	8	59597
238.488	0.0	T9	9	59622
238.588	0.0	T10	10	59647
238.688	0.0	T1	1	59672
238.788	0.0	T2	2	59697
238.888	0.0	T3	3	59722
238.988	0.0	T4	4	59747
239.088	0.0	T5	5	59772
239.188	0.0	T6	6	59797
239.288	0.0	T7	7	59822
239.388	0.0	T8	8	59847
239.488	0.0	T9	9	59872
239.588	0.0	T10	10	59897
239.688	0.0	T1	1	59922
239.788	0.0	T2	2	59947
239.888	0.0	T3	3	59972
239.988	0.0	T4	4	59997
240.088	0.0	T5	5	60022
240.188	0.0	T6	6	60047
240.288	0.0	T7	7	60072
240.388	0.0	T8	8	60097
240.488	0.0	T9	9	60122
240.588	0.0	T10	10	60147
240.688	0.0	T1	1	60172
240.788	0.0	T2	2	60197
240.888	0.0	T3	3	60222
240.988	0.0	T4	4	60247
241.088	0.0	T5	5	60272
241.192	0.0	T6	6	60298
241.288	0.0	T7	7	60322
241.392	0.0	T8	8	60348
241.488	0.0	T9	9	60372
241.588	0.0	T10	10	60397
241.692	0.0	T1	1	60423
241.792	0.0	T2	2	60448
241.892	0.0	T3	3	60473
241.992	0.0	T4	4	60498
242.092	0.0	T5	5	60523
242.192	0.0	T6	6	60548
242.292	0.0	T7	7	60573
242.392	0.0	T8	8	60598
242.492	0.0	T9	9	60623
242.592	0.0	T10	10	60648
242.692	0.0	T1	1	60673
242.792	0.0	T2	2	60698
242.892	0.0	T3	3	60723
242.992	0.0	T4	4	60748
243.092	0.0	T5	5	60773
243.192	0.0	T6	6	60798
243.292	0.0	T7	7	60823
243.392	0.0	T8	8	60848
243.492	0.0	T9	9	60873
243.592	0.0	T10	10	60898
243.692	0.0	T1	1	60923
243.792	0.0	T2	2	60948
243.892	0.0	T3	3	60973
243.992	0.0	T4	4	60998
244.092	0.0	T5	5	61023
244.192	0.0	T6	6	61048
244.292	0.0	T7	7	61073
244.392	0.0	T8	8	61098
244.492	0.0	T9	9	61123
244.592	0.0	T10	10	61148
244.692	0.0	T1	1	61173
244.792	0.0	T2	2	61198
244.892	0.0	T3	3	61223
244.992	0.0	T4	4	61248
245.092	0.0	T5	5	61273
245.192	0.0	T6	6	61298
245.292	0.0	T7	7	61323
245.392	0.0	T8	8	61348
245.492	0.0	T9	9	61373
245.592	0.0	T10	10	61398
245.692	0.0	T1	1	61423
245.792	0.0	T2	2	61448
245.892	0.0	T3	3	61473
245.992	0.0	T4	4	61498
246.092	0.0	T5	5	61523
246.192	0.0	T6	6	61548
246.292	0.0	T7	7	61573
246.392	0.0	T8	8	61598
246.492	0.0	T9	9	61623
246.592	0.0	T10	10	61648
246.692	0.0	T1	1	61673
246.792	0.0	T2	2	61698
246.892	0.0	T3	3	61723
246.992	0.0	T4	4	61748
247.092	0.0	T5	5	61773
247.192	0.0	T6	6	61798
247.292	0.0	T7	7	61823
247.392	0.0	T8	8	61848
247.492	0.0	T9	9	61873
247.592	0.0	T10	10	61898
247.692	0.0	T1	1	61923
247.792	0.0	T2	2	61948
247.892	0.0	T3	3	61973
247.992	0.0	T4	4	61998
248.092	0.0	T5	5	62023
248.192	0.0	T6	6	62048
248.292	0.0	T7	7	62073
248.392	0.0	T8	8	62098
248.492	0.0	T9	9	62123
248.592	0.0	T10	10	62148
248.692	0.0	T1	1	62173
248.792	0.0	T2	2	62198
248.892	0.0	T3	3	62223
248.992	0.0	T4	4	62248
249.092	0.0	T5	5	62273
249.192	0.0	T6	6	62298
249.296	0.0	T7	7	62324
249.392	0.0	T8	8	62348
249.496	0.0	T9	9	62374
249.596	0.0	T10	10	62399
249.696	0.0	T1	1	62424
249.796	0.0	T2	2	62449
249.896	0.0	T3	3	62474
249.996	0.0	T4	4	62499
250.096	0.0	T5	5	62524
250.196	0.0	T6	6	62549
250.296	0.0	T7	7	62574
250.396	0.0	T8	8	62599
250.496	0.0	T9	9	62624
250.596	0.0	T10	10	62649
250.696	0.0	T1	1	62674
250.796	0.0	T2	2	62699
250.896	0.0	T3	3	62724
250.996	0.0	T4	4	62749
251.096	0.0	T5	5	62774
251.196	0.0	T6	6	62799
251.296	0.0	T7	7	62824
251.396	0.0	T8	8	62849
251.496	0.0	T9	9	62874
251.596	0.0	T10	10	62899
251.696	0.0	T1	1	62924
251.796	0.0	T2	2	62949
251.896	0.0	T3	3	62974
251.996	0.0	T4	4	62999
252.096	0.0	T5	5	63024
252.196	0.0	T6	6	63049
252.296	0.0	T7	7	63074
252.396	0.0	T8	8	63099
252.496	0.0	T9	9	63124
252.596	0.0	T10	10	63149
252.696	0.0	T1	1	63174
252.796	0.0	T2	2	63199
252.896	0.0	T3	3	63224
252.996	0.0	T4	4	63249
253.096	0.0	T5	5	63274
253.196	0.0	T6	6	63299
253.296	0.0	T7	7	63324
253.396	0.0	T8	8	63349
253.496	0.0	T9	9	63374
253.596	0.0	T10	10	63399
253.696	0.0	T1	1	63424
253.796	0.0	T2	2	63449
253.896	0.0	T3	3	63474
253.996	0.0	T4	4	63499
254.096	0.0	T5	5	63524
254.196	0.0	T6	6	63549
254.296	0.0	T7	7	63574
254.396	0.0	T8	8	63599
254.496	0.0	T9	9	63624
254.596	0.0	T10	10	63649
254.696	0.0	T1	1	63674
254.796	0.0	T2	2	63699
254.896	0.0	T3	3	63724
254.996	0.0	T4	4	63749
255.096	0.0	T5	5	63774
255.196	0.0	T6	6	63799
255.296	0.0	T7	7	63824
255.396	0.0	T8	8	63849
255.496	0.0	T9	9	63874
255.596	0.0	T10	10	63899
255.696	0.0	T1	1	63924
255.796	0.0	T2	2	63949
255.896	0.0	T3	3	63974
255.996	0.0	T4	4	63999
256.096	0.0	T5	5	64024
256.196	0.0	T6	6	64049
256.296	0.0	T7	7	64074
256.396	0.0	T8	8	64099
256.5	0.0	T9	9	64125
256.596	0.0	T10	10	64149
256.696	0.0	T1	1	64174
256.796	0.0	T2	2	64199
256.896	0.0	T3	3	64224
256.996	0.0	T4	4	64249
257.096	0.0	T5	5	64274
257.196	0.0	T6	6	64299
257.3	0.0	T7	7	64325
257.396	0.0	T8	8	64349
257.5	0.0	T9	9	64375
257.6	0.0	T10	10	64400
257.7	0.0	T1	1	64425
257.8	0.0	T2	2	64450
257.9	0.0	T3	3	64475
258.0	0.0	T4	4	64500
258.1	0.0	T5	5	64525
258.2	0.0	T6	6	64550
258.3	0.0	T7	7	64575
258.4	0.0	T8	8	64600
258.5	0.0	T9	9	64625
258.6	0.0	T10	10	64650
258.7	0.0	T1	1	64675
258.8	0.0	T2	2	64700
258.9	0.0	T3	3	64725
259.0	0.0	T4	4	64750
259.1	0.0	T5	5	64775
259.2	0.0	T6	6	64800
259.3	0.0	T7	7	64825
259.4	0.0	T8	8	64850
259.5	0.0	T9	9	64875
259.6	0.0	T10	10	64900
259.7	0.0	T1	1	64925
259.8	0.0	T2	2	64950
259.9	0.0	T3	3	64975
260.0	0.0	T4	4	65000
260.1	0.0	T5	5	65025
260.2	0.0	T6	6	65050
260.3	0.0	T7	7	65075
260.4	0.0	T8	8	65100
260.5	0.0	T9	9	65125
260.6	0.0	T10	10	65150
260.7	0.0	T1	1	65175
260.8	0.0	T2	2	65200
260.9	0.0	T3	3	65225
261.0	0.0	T4	4	65250
261.1	0.0	T5	5	65275
261.2	0.0	T6	6	65300
261.3	0.0	T7	7	65325
261.4	0.0	T8	8	65350
261.5	0.0	T9	9	65375
261.6	0.0	T10	10	65400
261.7	0.0	T1	1	65425
261.8	0.0	T2	2	65450
261.9	0.0	T3	3	65475
262.0	0.0	T4	4	65500
262.1	0.0	T5	5	65525
262.2	0.0	T6	6	65550
262.3	0.0	T7	7	65575
262.4	0.0	T8	8	65600
262.5	0.0	T9	9	65625
262.6	0.0	T10	10	65650
262.7	0.0	T1	1	65675
262.8	0.0	T2	2	65700
262.9	0.0	T3	3	65725
263.0	0.0	T4	4	65750
263.1	0.0	T5	5	65775
263.2	0.0	T6	6	65800
263.304	0.0	T7	7	65826
263.4	0.0	T8	8	65850
263.5	0.0	T9	9	65875
263.6	0.0	T10	10	65900
263.7	0.0	T1	1	65925
263.8	0.0	T2	2	65950
263.9	0.0	T3	3	65975
264.004	0.0	T4	4	66001
264.1	0.0	T5	5	66025
264.2	0.0	T6	6	66050
264.304	0.0	T7	7	66076
264.404	0.0	T8	8	66101
264.504	0.0	T9	9	66126
264.604	0.0	T10	10	66151
264.704	0.0	T1	1	66176
264.804	0.0	T2	2	66201
264.904	0.0	T3	3	66226
265.004	0.0	T4	4	66251
265.104	0.0	T5	5	66276
265.204	0.0	T6	6	66301
265.304	0.0	T7	7	66326
265.404	0.0	T8	8	66351
265.504	0.0	T9	9	66376
265.604	0.0	T10	10	66401
265.704	0.0	T1	1	66426
265.804	0.0	T2	2	66451
265.904	0.0	T3	3	66476
266.004	0.0	T4	4	66501
266.104	0.0	T5	5	66526
266.204	0.0	T6	6	66551
266.304	0.0	T7	7	66576
266.404	0.0	T8	8	66601
266.504	0.0	T9	9	66626
266.604	0.0	T10	10	66651
266.704	0.0	T1	1	66676
266.804	0.0	T2	2	66701
266.904	0.0	T3	3	66726
267.004	0.0	T4	4	66751
267.104	0.0	T5	5	66776
267.204	0.0	T6	6	66801
267.304	0.0	T7	7	66826
267.404	0.0	T8	8	66851
267.504	0.0	T9	9	66876
267.604	0.0	T10	10	66901
267.704	0.0	T1	1	66926
267.804	0.0	T2	2	66951
267.904	0.0	T3	3	66976
268.004	0.0	T4	4	67001
268.104	0.0	T5	5	67026
268.204	0.0	T6	6	67051
268.304	0.0	T7	7	67076
268.404	0.0	T8	8	67101
268.504	0.0	T9	9	67126
268.604	0.0	T10	10	67151
268.704	0.0	T1	1	67176
268.804	0.0	T2	2	67201
268.904	0.0	T3	3	67226
269.004	0.0	T4	4	67251
269.104	0.0	T5	5	67276
269.204	0.0	T6	6	67301
269.304	0.0	T7	7	67326
269.404	0.0	T8	8	67351
269.504	0.0	T9	9	67376
269.604	0.0	T10	10	67401
269.704	0.0	T1	1	67426
269.804	0.0	T2	2	67451
269.904	0.0	T3	3	67476
270.004	0.0	T4	4	67501
270.104	0.0	T5	5	67526
270.204	0.0	T6	6	67551
270.304	0.0	T7	7	67576
270.404	0.0	T8	8	67601
270.504	0.0	T9	9	67626
270.604	0.0	T10	10	67651
270.704	0.0	T1	1	67676
270.804	0.0	T2	2	67701
270.904	0.0	T3	3	67726
271.004	0.0	T4	4	67751
271.104	0.0	T5	5	67776
271.204	0.0	T6	6	67801
271.304	0.0	T7	7	67826
271.404	0.0	T8	8	67851
271.504	0.0	T9	9	67876
271.604	0.0	T10	10	67901
271.704	0.0	T1	1	67926
271.804	0.0	T2	2	67951
271.904	0.0	T3	3	67976
272.004	0.0	T4	4	68001
272.104	0.0	T5	5	68026
272.204	0.0	T6	6	68051
272.304	0.0	T7	7	68076
272.404	0.0	T8	8	68101
272.508	0.0	T9	9	68127
272.604	0.0	T10	10	68151
272.704	0.0	T1	1	68176
272.808	0.0	T2	2	68202
272.908	0.0	T3	3	68227
273.008	0.0	T4	4	68252
273.108	0.0	T5	5	68277
273.208	0.0	T6	6	68302
273.308	0.0	T7	7	68327
273.408	0.0	T8	8	68352
273.508	0.0	T9	9	68377
273.608	0.0	T10	10	68402
273.708	0.0	T1	1	68427
273.808	0.0	T2	2	68452
273.908	0.0	T3	3	68477
274.008	0.0	T4	4	68502
274.108	0.0	T5	5	68527
274.208	0.0	T6	6	68552
274.308	0.0	T7	7	68577
274.408	0.0	T8	8	68602
274.508	0.0	T9	9	68627
274.608	0.0	T10	10	68652
274.708	0.0	T1	1	68677
274.808	0.0	T2	2	68702
274.908	0.0	T3	3	68727
275.008	0.0	T4	4	68752
275.108	0.0	T5	5	68777
275.208	0.0	T6	6	68802
275.308	0.0	T7	7	68827
275.408	0.0	T8	8	68852
275.508	0.0	T9	9	68877
275.608	0.0	T10	10	68902
275.708	0.0	T1	1	68927
275.808	0.0	T2	2	68952
275.908	0.0	T3	3	68977
276.008	0.0	T4	4	69002
276.108	0.0	T5	5	69027
276.208	0.0	T6	6	69052
276.308	0.0	T7	7	69077
276.408	0.0	T8	8	69102
276.508	0.0	T9	9	69127
276.608	0.0	T10	10	69152
276.708	0.0	T1	1	69177
276.808	0.0	T2	2	69202
276.908	0.0	T3	3	69227
277.008	0.0	T4	4	69252
277.108	0.0	T5	5	69277
277.208	0.0	T6	6	69302
277.308	0.0	T7	7	69327
277.408	0.0	T8	8	69352
277.508	0.0	T9	9	69377
277.608	0.0	T10	10	69402
277.708	0.0	T1	1	69427
277.808	0.0	T2	2	69452
277.908	0.0	T3	3	69477
278.008	0.0	T4	4	69502
278.108	0.0	T5	5	69527
278.208	0.0	T6	6	69552
278.308	0.0	T7	7	69577
278.408	0.0	T8	8	69602
278.508	0.0	T9	9	69627
278.608	0.0	T10	10	69652
278.708	0.0	T1	1	69677
310.392	0.0	T1	1	77598
310.492	0.0	T2	2	77623
310.592	0.0	T3	3	77648
310.692	0.0	T4	4	77673
310.792	0.0	T5	5	77698
310.892	0.0	T6	6	77723
310.992	0.0	T7	7	77748
311.092	0.0	T8	8	77773
311.192	0.0	T9	9	77798
311.292	0.0	T10	10	77823
311.392	0.0	T1	1	77848
311.492	0.0	T2	2	77873
311.592	0.0	T3	3	77898
311.692	0.0	T4	4	77923
311.792	0.0	T5	5	77948
311.892	0.0	T6	6	77973
311.992	0.0	T7	7	77998
312.092	0.0	T8	8	78023
312.192	0.0	T9	9	78048
312.292	0.0	T10	10	78073
312.392	0.0	T1	1	78098
312.492	0.0	T2	2	78123
312.592	0.0	T3	3	78148
312.692	0.0	T4	4	78173
312.792	0.0	T5	5	78198
312.892	0.0	T6	6	78223
312.992	0.0	T7	7	78248
313.092	0.0	T8	8	78273
313.192	0.0	T9	9	78298
313.292	0.0	T10	10	78323
313.392	0.0	T1	1	78348
313.492	0.0	T2	2	78373
313.592	0.0	T3	3	78398
313.692	0.0	T4	4	78423
313.792	0.0	T5	5	78448
313.892	0.0	T6	6	78473
313.992	0.0	T7	7	78498
314.092	0.0	T8	8	78523
314.192	0.0	T9	9	78548
314.292	0.0	T10	10	78573
314.392	0.0	T1	1	78598
314.492	0.0	T2	2	78623
314.592	0.0	T3	3	78648
314.692	0.0	T4	4	78673
314.792	0.0	T5	5	78698
314.892	0.0	T6	6	78723
314.992	0.0	T7	7	78748
315.092	0.0	T8	8	78773
315.192	0.0	T9	9	78798
315.292	0.0	T10	10	78823
315.392	0.0	T1	1	78848
315.492	0.0	T2	2	78873
315.592	0.0	T3	3	78898
315.692	0.0	T4	4	78923
315.792	0.0	T5	5	78948
315.892	0.0	T6	6	78973
315.992	0.0	T7	7	78998
316.092	0.0	T8	8	79023
316.192	0.0	T9	9	79048
316.292	0.0	T10	10	79073
316.392	0.0	T1	1	79098
316.492	0.0	T2	2	79123
316.592	0.0	T3	3	79148
316.692	0.0	T4	4	79173
316.792	0.0	T5	5	79198
316.892	0.0	T6	6	79223
316.996	0.0	T7	7	79249
317.092	0.0	T8	8	79273
317.196	0.0	T9	9	79299
317.296	0.0	T10	10	79324
317.396	0.0	T1	1	79349
317.496	0.0	T2	2	79374
317.596	0.0	T3	3	79399
317.696	0.0	T4	4	79424
317.796	0.0	T5	5	79449
317.896	0.0	T6	6	79474
317.996	0.0	T7	7	79499
318.096	0.0	T8	8	79524
318.196	0.0	T9	9	79549
318.296	0.0	T10	10	79574
318.396	0.0	T1	1	79599
318.496	0.0	T2	2	79624
318.596	0.0	T3	3	79649
318.696	0.0	T4	4	79674
318.796	0.0	T5	5	79699
318.896	0.0	T6	6	79724
318.996	0.0	T7	7	79749
319.096	0.0	T8	8	79774
319.196	0.0	T9	9	79799
319.296	0.0	T10	10	79824
319.396	0.0	T1	1	79849
319.496	0.0	T2	2	79874
319.596	0.0	T3	3	79899
319.696	0.0	T4	4	79924
319.796	0.0	T5	5	79949
319.896	0.0	T6	6	79974
319.996	0.0	T7	7	79999
320.096	0.0	T8	8	80024
320.196	0.0	T9	9	80049
320.296	0.0	T10	10	80074
320.396	0.0	T1	1	80099
320.496	0.0	T2	2	80124
320.596	0.0	T3	3	80149
320.696	0.0	T4	4	80174
320.796	0.0	T5	5	80199
320.896	0.0	T6	6	80224
320.996	0.0	T7	7	80249
321.096	0.0	T8	8	80274
321.196	0.0	T9	9	80299
321.296	0.0	T10	10	80324
321.396	0.0	T1	1	80349
321.496	0.0	T2	2	80374
321.596	0.0	T3	3	80399
321.696	0.0	T4	4	80424
321.796	0.0	T5	5	80449
321.896	0.0	T6	6	80474
321.996	0.0	T7	7	80499
322.096	0.0	T8	8	80524
322.196	0.0	T9	9	80549
322.296	0.0	T10	10	80574
322.396	0.0	T1	1	80599
322.496	0.0	T2	2	80624
322.596	0.0	T3	3	80649
322.696	0.0	T4	4	80674
322.796	0.0	T5	5	80699
322.896	0.0	T6	6	80724
322.996	0.0	T7	7	80749
323.096	0.0	T8	8	80774
323.196	0.0	T9	9	80799
323.296	0.0	T10	10	80824
323.396	0.0	T1	1	80849
323.496	0.0	T2	2	80874
323.596	0.0	T3	3	80899
323.7	0.0	T4	4	80925
323.796	0.0	T5	5	80949
323.896	0.0	T6	6	80974
323.996	0.0	T7	7	80999
324.096	0.0	T8	8	81024
324.196	0.0	T9	9	81049
324.296	0.0	T10	10	81074
324.396	0.0	T1	1	81099
324.496	0.0	T2	2	81124
324.596	0.0	T3	3	81149
324.696	0.0	T4	4	81174
324.796	0.0	T5	5	81199
324.896	0.0	T6	6	81224
324.996	0.0	T7	7	81249
325.096	0.0	T8	8	81274
325.196	0.0	T9	9	81299
325.296	0.0	T10	10	81324
325.396	0.0	T1	1	81349
325.496	0.0	T2	2	81374
325.596	0.0	T3	3	81399
325.696	0.0	T4	4	81424
325.796	0.0	T5	5	81449
325.896	0.0	T6	6	81474
325.996	0.0	T7	7	81499
326.096	0.0	T8	8	81524
326.196	0.0	T9	9	81549
326.296	0.0	T10	10	81574
326.4	0.0	T1	1	81600
326.5	0.0	T2	2	81625
326.596	0.0	T3	3	81649
326.7	0.0	T4	4	81675
326.8	0.0	T5	5	81700
326.9	0.0	T6	6	81725
327.0	0.0	T7	7	81750
327.1	0.0	T8	8	81775
327.2	0.0	T9	9	81800
327.3	0.0	T10	10	81825
327.4	0.0	T1	1	81850
327.5	0.0	T2	2	81875
327.6	0.0	T3	3	81900
327.7	0.0	T4	4	81925
327.8	0.0	T5	5	81950
327.9	0.0	T6	6	81975
328.0	0.0	T7	7	82000
328.1	0.0	T8	8	82025
328.2	0.0	T9	9	82050
328.3	0.0	T10	10	82075
328.4	0.0	T1	1	82100
328.5	0.0	T2	2	82125
328.6	0.0	T3	3	82150
328.7	0.0	T4	4	82175
328.8	0.0	T5	5	82200
328.9	0.0	T6	6	82225
329.0	0.0	T7	7	82250
329.1	0.0	T8	8	82275
329.2	0.0	T9	9	82300
329.3	0.0	T10	10	82325
329.4	0.0	T1	1	82350
329.5	0.0	T2	2	82375
329.6	0.0	T3	3	82400
329.7	0.0	T4	4	82425
329.8	0.0	T5	5	82450
329.9	0.0	T6	6	82475
330.0	0.0	T7	7	82500
330.1	0.0	T8	8	82525
330.2	0.0	T9	9	82550
330.3	0.0	T10	10	82575
330.4	0.0	T1	1	82600
330.5	0.0	T2	2	82625
330.6	0.0	T3	3	82650
330.7	0.0	T4	4	82675
330.8	0.0	T5	5	82700
330.9	0.0	T6	6	82725
331.0	0.0	T7	7	82750
331.1	0.0	T8	8	82775
331.2	0.0	T9	9	82800
331.3	0.0	T10	10	82825
331.4	0.0	T1	1	82850
331.5	0.0	T2	2	82875
331.6	0.0	T3	3	82900
331.7	0.0	T4	4	82925
331.8	0.0	T5	5	82950
331.9	0.0	T6	6	82975
332.0	0.0	T7	7	83000
332.1	0.0	T8	8	83025
332.2	0.0	T9	9	83050
332.3	0.0	T10	10	83075
332.4	0.0	T1	1	83100
332.5	0.0	T2	2	83125
332.6	0.0	T3	3	83150
332.7	0.0	T4	4	83175
332.8	0.0	T5	5	83200
332.9	0.0	T6	6	83225
333.0	0.0	T7	7	83250
333.1	0.0	T8	8	83275
333.2	0.0	T9	9	83300
333.3	0.0	T10	10	83325
333.404	0.0	T1	1	83351
333.5	0.0	T2	2	83375
333.6	0.0	T3	3	83400
333.7	0.0	T4	4	83425
333.8	0.0	T5	5	83450
333.9	0.0	T6	6	83475
334.0	0.0	T7	7	83500
334.1	0.0	T8	8	83525
334.2	0.0	T9	9	83550
334.3	0.0	T10	10	83575
334.4	0.0	T1	1	83600
334.5	0.0	T2	2	83625
334.604	0.0	T3	3	83651
334.704	0.0	T4	4	83676
334.804	0.0	T5	5	83701
334.904	0.0	T6	6	83726
335.004	0.0	T7	7	83751
335.104	0.0	T8	8	83776
335.204	0.0	T9	9	83801
335.304	0.0	T10	10	83826
335.404	0.0	T1	1	83851
335.504	0.0	T2	2	83876
335.604	0.0	T3	3	83901
335.704	0.0	T4	4	83926
335.804	0.0	T5	5	83951
335.904	0.0	T6	6	83976
336.004	0.0	T7	7	84001
336.104	0.0	T8	8	84026
336.204	0.0	T9	9	84051
336.304	0.0	T10	10	84076
336.404	0.0	T1	1	84101
336.504	0.0	T2	2	84126
336.604	0.0	T3	3	84151
336.704	0.0	T4	4	84176
336.804	0.0	T5	5	84201
336.904	0.0	T6	6	84226
337.004	0.0	T7	7	84251
337.104	0.0	T8	8	84276
337.204	0.0	T9	9	84301
337.304	0.0	T10	10	84326
337.404	0.0	T1	1	84351
337.504	0.0	T2	2	84376
337.604	0.0	T3	3	84401
337.704	0.0	T4	4	84426
337.804	0.0	T5	5	84451
337.904	0.0	T6	6	84476
338.004	0.0	T7	7	84501
338.104	0.0	T8	8	84526
338.204	0.0	T9	9	84551
338.304	0.0	T10	10	84576
338.404	0.0	T1	1	84601
338.504	0.0	T2	2	84626
338.604	0.0	T3	3	84651
338.704	0.0	T4	4	84676
338.804	0.0	T5	5	84701
338.904	0.0	T6	6	84726
339.004	0.0	T7	7	84751
339.104	0.0	T8	8	84776
339.204	0.0	T9	9	84801
339.304	0.0	T10	10	84826
339.404	0.0	T1	1	84851
339.504	0.0	T2	2	84876
339.604	0.0	T3	3	84901
339.704	0.0	T4	4	84926
339.804	0.0	T5	5	84951
339.904	0.0	T6	6	84976
340.004	0.0	T7	7	85001
340.104	0.0	T8	8	85026
340.204	0.0	T9	9	85051
340.304	0.0	T10	10	85076
340.404	0.0	T1	1	85101
340.504	0.0	T2	2	85126
340.604	0.0	T3	3	85151
340.704	0.0	T4	4	85176
340.804	0.0	T5	5	85201
340.904	0.0	T6	6	85226
341.004	0.0	T7	7	85251
341.104	0.0	T8	8	85276
341.204	0.0	T9	9	85301
341.304	0.0	T10	10	85326
341.404	0.0	T1	1	85351
341.508	0.0	T2	2	85377
341.604	0.0	T3	3	85401
341.708	0.0	T4	4	85427
341.808	0.0	T5	5	85452
341.908	0.0	T6	6	85477
342.008	0.0	T7	7	85502
342.108	0.0	T8	8	85527
342.208	0.0	T9	9	85552
342.308	0.0	T10	10	85577
342.408	0.0	T1	1	85602
342.508	0.0	T2	2	85627
342.608	0.0	T3	3	85652
342.708	0.0	T4	4	85677
342.808	0.0	T5	5	85702
342.908	0.0	T6	6	85727
343.008	0.0	T7	7	85752
343.108	0.0	T8	8	85777
343.208	0.0	T9	9	85802
343.308	0.0	T10	10	85827
343.408	0.0	T1	1	85852
343.508	0.0	T2	2	85877
343.608	0.0	T3	3	85902
343.708	0.0	T4	4	85927
343.808	0.0	T5	5	85952
343.908	0.0	T6	6	85977
344.008	0.0	T7	7	86002
344.108	0.0	T8	8	86027
344.208	0.0	T9	9	86052
344.308	0.0	T10	10	86077
344.408	0.0	T1	1	86102
344.508	0.0	T2	2	86127
344.608	0.0	T3	3	86152
344.708	0.0	T4	4	86177
344.808	0.0	T5	5	86202
344.908	0.0	T6	6	86227
345.008	0.0	T7	7	86252
345.108	0.0	T8	8	86277
345.208	0.0	T9	9	86302
345.308	0.0	T10	10	86327
345.408	0.0	T1	1	86352
345.508	0.0	T2	2	86377
345.608	0.0	T3	3	86402
345.708	0.0	T4	4	86427
345.808	0.0	T5	5	86452
345.908	0.0	T6	6	86477
346.008	0.0	T7	7	86502
346.108	0.0	T8	8	86527
346.208	0.0	T9	9	86552
346.308	0.0	T10	10	86577
346.408	0.0	T1	1	86602
346.508	0.0	T2	2	86627
346.608	0.0	T3	3	86652
346.708	0.0	T4	4	86677
346.808	0.0	T5	5	86702
346.908	0.0	T6	6	86727
347.008	0.0	T7	7	86752
347.108	0.0	T8	8	86777
347.208	0.0	T9	9	86802
347.308	0.0	T10	10	86827
347.408	0.0	T1	1	86852
347.508	0.0	T2	2	86877
347.608	0.0	T3	3	86902
347.708	0.0	T4	4	86927
347.808	0.0	T5	5	86952
347.908	0.0	T6	6	86977
348.008	0.0	T7	7	87002
348.108	0.0	T8	8	87027
348.208	0.0	T9	9	87052
348.308	0.0	T10	10	87077
348.408	0.0	T1	1	87102
348.508	0.0	T2	2	87127
348.608	0.0	T3	3	87152
348.708	0.0	T4	4	87177
348.808	0.0	T5	5	87202
348.908	0.0	T6	6	87227
349.008	0.0	T7	7	87252
349.108	0.0	T8	8	87277
349.208	0.0	T9	9	87302
349.308	0.0	T10	10	87327
349.408	0.0	T1	1	87352
349.512	0.0	T2	2	87378
349.612	0.0	T3	3	87403
349.708	0.0	T4	4	87427
349.808	0.0	T5	5	87452
349.912	0.0	T6	6	87478
350.012	0.0	T7	7	87503
350.112	0.0	T8	8	87528
350.212	0.0	T9	9	87553
350.312	0.0	T10	10	87578
350.412	0.0	T1	1	87603
350.512	0.0	T2	2	87628
350.612	0.0	T3	3	87653
350.712	0.0	T4	4	87678
350.812	0.0	T5	5	87703
350.912	0.0	T6	6	87728
351.012	0.0	T7	7	87753
351.112	0.0	T8	8	87778
351.212	0.0	T9	9	87803
351.312	0.0	T10	10	87828
351.412	0.0	T1	1	87853
351.512	0.0	T2	2	87878
351.612	0.0	T3	3	87903
351.712	0.0	T4	4	87928
351.812	0.0	T5	5	87953
351.912	0.0	T6	6	87978
352.012	0.0	T7	7	88003
352.112	0.0	T8	8	88028
352.212	0.0	T9	9	88053
352.312	0.0	T10	10	88078
352.412	0.0	T1	1	88103
352.512	0.0	T2	2	88128
352.612	0.0	T3	3	88153
352.712	0.0	T4	4	88178
352.812	0.0	T5	5	88203
352.912	0.0	T6	6	88228
353.012	0.0	T7	7	88253
353.112	0.0	T8	8	88278
353.212	0.0	T9	9	88303
353.312	0.0	T10	10	88328
353.412	0.0	T1	1	88353
353.512	0.0	T2	2	88378
353.612	0.0	T3	3	88403
353.712	0.0	T4	4	88428
353.812	0.0	T5	5	88453
